id,title,view_count,upload_date,duration,channel,elapsed_days,views_per_day,included,exclusion_reasons,published_mark,own_row,own_title,match_basis,source_file,sha256
e0L4ji2pVPc,【SOS無視】主催者の末路は…黄河石林2021年トレランレース遭難事故【地図とアニメで解説】,2795574,20240922,2256,生きて山から帰るには【山岳遭難解説】,720,3882.741666666667,True,[],既出,27,"気温20℃で""凍える""…172人のランナーを襲った見えない凶器",172人のランナーの低体温遭難に対応する2021年黄河石林トレイルランニング事故,video_full_default_e0L4ji2pVPc.json,c30e3baea013396fc3b3ee259c81ad8773531bd859f178117d7abad57ec556e6
HcpfUWh7z30,10秒で始まる悪夢。撮影で逃げ遅れも… 御嶽山噴火2014年【地図とアニメで解説】,2642685,20240616,2851,生きて山から帰るには【山岳遭難解説】,818,3230.666259168704,True,[],,,,,video_full_default_HcpfUWh7z30.json,6c0f112788fb76c3baa166763fd9b18622c9366be7e535a9a2884f730f7f4929
uOSCYklhgqY,【闇深】放置遺体200以上…エベレスト大量遭難事故1996年5月【地図とアニメで解説】,2476896,20250202,1928,生きて山から帰るには【山岳遭難解説】,587,4219.584327086883,True,[],,,,,video_full_default_uOSCYklhgqY.json,40b9a4cfaff1ebfe6e1e9edc186519f78fd21cd46589b98ae9e29f8fc8572db4
ds2_U1LkuX0,6歳の子供を連れた親子が軽装で向かったのは「上級者向け」の登山コース。その悲しい結末は…「新潟親子遭難事故」【地形図から解説】,2382649,20230608,470,山岳遭難ファイル,1192,1998.866610738255,True,[],既出,6,誰にも言わず6歳の息子と上級コースへ...無計画な登山が最悪の結末を招く...2018年 新潟親子遭,6歳児を連れた新潟親子遭難,video_full_default_ds2_U1LkuX0.json,1f2cb113c287f3641bebd1d684208bc38028b2a4d718ac067372772ddb46f820
0aVucATZCkg,温泉泊の余裕の訓練、なぜ全滅に…八甲田山雪中行軍1902年【地形図とアニメで解説】,2375940,20231228,1287,生きて山から帰るには【山岳遭難解説】,989,2402.366026289181,True,[],,,,,video_full_default_0aVucATZCkg.json,ebdc59d13feb6f39325b5c82ce52cc41da0634ea9fa40837dabfa90932796932
iwtKY3Z9tmI,「熱い…助けて…」辺りに響く55名悲痛の叫び…西穂高遭難事故1967年7月 【地図とアニメで解説】,2298254,20241222,2536,生きて山から帰るには【山岳遭難解説】,629,3653.8219395866454,True,[],,,,,video_full_default_iwtKY3Z9tmI.json,bd99ba72e6427b00b8120f92ac35d249e4325f3b20d1f6379d7f833216d91594
eqaUKWlI4z8,【大学生vsヒグマ】悲惨すぎる結末...福岡大ヒグマ事件1970年【地図とアニメで解説】,2292947,20231215,1336,生きて山から帰るには【山岳遭難解説】,1002,2288.370259481038,True,[],既出,1,5人中3人死亡...熊を甘く見た20歳大学生の結末...1970年 福岡大ヒグマ事件【地形図とアニメ,1970年福岡大学ヒグマ事件,video_full_default_eqaUKWlI4z8.json,f32d2e2d91fad7c0dd86b807200d3c5a42dda975f1365c666bd2adf029646462
W-DHZU_uAtI,発見された青年…大千軒岳ヒグマ事件2023年10月【地形図とアニメで解説】,2164129,20240225,1282,生きて山から帰るには【山岳遭難解説】,930,2327.020430107527,True,[],既出,13,埋められた22歳の大学生、、ピストルが効かない異常グマとの末路… 2023年 大千軒岳ヒグマ事件,2023年大千軒岳ヒグマ事件,video_full_default_W-DHZU_uAtI.json,ec8a6bfb8c8a6dc0a609dbcf1e2fc9a893bf8a33719d71bed099b6a942a6ab26
FeQNAJXfF7g,無計画が招く最悪の結末...新潟親子遭難事故2018年【地形図とアニメで解説】,2093860,20231220,1227,生きて山から帰るには【山岳遭難解説】,997,2100.160481444333,True,[],既出,6,誰にも言わず6歳の息子と上級コースへ...無計画な登山が最悪の結末を招く...2018年 新潟親子遭,2018年新潟親子遭難,video_full_default_FeQNAJXfF7g.json,23bfb20ad500ac95416f822e6268d529ee5b804e23937ca745347bb19525175a
9QRMkRP4BnQ,"雪山で遭難→全てを悟った大学生の最期の4日間。最後に残した2,000文字の手紙には…「日高山脈遭難事故」【地形図から解説】",1958674,20230521,803,山岳遭難ファイル,1210,1618.7388429752066,True,[],,,,,video_full_default_9QRMkRP4BnQ.json,fab95a4fc46ad9fb8583a042ad9aa071efe1dce3247b2e15b6f19fc1cd18c4e0
p3FR8lqoP2M,「救助要請はしない」ヤバすぎるツアー会社。トムラウシ山遭難事故2009年【地図とアニメで解説】,1889600,20231205,1223,生きて山から帰るには【山岳遭難解説】,1012,1867.193675889328,True,[],既出,18,「ガイドがそう言うなら…」低体温症で8人死亡…2009年 トムラウシ山遭難事故【山岳遭難をアニメで解,2009年トムラウシ山遭難,video_full_default_p3FR8lqoP2M.json,2ad558771f9f84b11a21b7958609c4174843e1a48c2042f8b78d47e017e00ba6
JhJB9srj_1s,息子のため…ヒグマの生息地 北海道駒ケ岳遭難事故 2016年【地図とアニメで解説】,1842191,20250615,1494,生きて山から帰るには【山岳遭難解説】,454,4057.6894273127755,True,[],,,,,video_full_default_JhJB9srj_1s.json,e3b8e1b8fe93881d623245ae12e2e19a3215f4658c6dfad9b0ab4047555ca3d0
nyliJOlgFBA,【視聴者実体験】謎の高齢男性との遭遇…忌み地奥多摩ズマド山遭難事故2018年【地形図とアニメで解説】,1749923,20250119,1271,生きて山から帰るには【山岳遭難解説】,601,2911.685524126456,True,[],,,,,video_full_default_nyliJOlgFBA.json,1bd62f40abc383b9439400d16d63fa1ffb3d833c19c9ad4e31fe3c417eda69dd
gSpMF7ujXuA,「助かってしまった…」7人中5人死亡 吾妻連峰1994年雪山遭難事故【地図とアニメで解説】,1713495,20240707,1724,生きて山から帰るには【山岳遭難解説】,797,2149.930991217064,True,[],,,,,video_full_default_gSpMF7ujXuA.json,8592d4fdb7acceff0ceeb96df13f36ad3f8c49de193410a608852d05f91d3cba
mS0N-BSOvNg,これが「DQNの川流れ」玄倉川水難事故1999年【アニメで解説】,1678219,20260308,1718,生きて山から帰るには【山岳遭難解説】,188,8926.696808510638,True,[],,,,,video_full_default_mS0N-BSOvNg.json,6c98df784acd982ddb813059342d9d15b712829477632df5ccfd70f031a7e4ff
EacDBZk-RKI,「さようなら」人生最初で最後の登山 福島県女子師範学校修学旅行1926年【地図とアニメで解説】,1676356,20250413,1186,生きて山から帰るには【山岳遭難解説】,517,3242.468085106383,True,[],,,,,video_full_default_EacDBZk-RKI.json,794bb6efc91be9052f7493bb3992da211a0e47ccb6c18d8d468373fd777615f0
iv0JvZEF8lE,開始わずか30分…準備不足で分かれた生死 奥多摩遭難事故【地図とアニメで解説】,1667850,20250622,1685,生きて山から帰るには【山岳遭難解説】,447,3731.2080536912754,True,[],,,,,video_full_default_iv0JvZEF8lE.json,24fbfffa08fd5dc3a00e7a8d2cf9e697536cc38e17380ea065283f68d867b147
6RRPDM1QiU4,山頂で豚汁！「大丈夫、行こう！」10人中8人死亡 1989年10月立山遭難事故【地図とアニメで解説】,1629430,20251102,1310,生きて山から帰るには【山岳遭難解説】,314,5189.267515923567,True,[],既出,20,"10人中8人が帰らぬ人に、、生き残った2人だけが持っていた""あるもの""、、1989年 立山中高年大量",1989年立山、10人中8人死亡,video_full_default_6RRPDM1QiU4.json,f4a3b9978619b4346940028b22455d6a0f3e4624f2373de3441531415261f012
TKqmNYB1ozk,植村直己はなぜ戻らなかったのか マッキンリー遭難事故1984年【地図とアニメで解説】,1564596,20251228,1201,生きて山から帰るには【山岳遭難解説】,258,6064.325581395349,True,[],,,,,video_full_default_TKqmNYB1ozk.json,078a9ed024ff1e9c6996c331f7b80ae61537ae96c2f5ab81fdd58142a8410a51
c3T9OgIsVZo,親友が目の前で…中学2年生遠足登山 木曽駒ヶ岳大量遭難事故1913年(大正2年) 【地図とアニメで解説】,1563880,20240210,2162,生きて山から帰るには【山岳遭難解説】,945,1654.899470899471,True,[],,,,,video_full_default_c3T9OgIsVZo.json,d4858e7cf0da3cfd579c09102f813427cb1b8764c7fb97cbf1f5ce17da80b9f6
JWx6LoMj-CI,ベテラン同士で結成した8名の登山パーティー。一人の身勝手な行動で最悪の結末に…「幌尻岳遭難事故」【地形図から解説】,1540631,20230718,514,山岳遭難ファイル,1152,1337.353298611111,True,[],,,,,video_full_default_JWx6LoMj-CI.json,557c6f8d924e4a7826924353d3074df634485c610d44cfcd6bdf94857da07ddc
fbuT8TAiQbI,母の目の前で…絵描き山ガールの過ち…奥多摩滑落事故2003年【地形図とアニメで解説】,1506614,20240128,1304,生きて山から帰るには【山岳遭難解説】,958,1572.6659707724425,True,[],,,,,video_full_default_fbuT8TAiQbI.json,21ea1d43b10cae6472c4f6f2d96a082b7e5ac5da8c895881a21c6748f468c037
Ag3umfuDRlQ,ガイドの忠告ムシ。無意味な下見で児童8人遭難 富士山小学生遭難事故2023年 【地図とアニメで解説】,1492299,20250601,1142,生きて山から帰るには【山岳遭難解説】,468,3188.673076923077,True,[],,,,,video_full_default_Ag3umfuDRlQ.json,df48ec07c17840606aec64bd1a1dc0d7fd637029332e8d9965a0ed19a3a1d360
j-IlplmC-WM,250m滑落、決死の救助は裁判へ…富士山滑落事故2013年【地図とアニメで解説】,1456262,20240421,1478,生きて山から帰るには【山岳遭難解説】,874,1666.2036613272312,True,[],既出,25,冬の富士山で4名がロープで体を繋ぎ、1名が足を滑らせた結果...「2013年 富士山同時滑落事故」【,2013年12月富士山滑落事故,video_full_default_j-IlplmC-WM.json,1bd63d9a3955052d7f3ab1d690666bc7fe879a981a680eea5cd840e9b3d0fa9f
0AcEQxhhZ-M,ビル3階分転落判断を誤った24歳…八ヶ岳滑落事故2023年【地図とアニメで解説】,1448630,20240303,1215,生きて山から帰るには【山岳遭難解説】,923,1569.4799566630552,True,[],,,,,video_full_default_0AcEQxhhZ-M.json,a334a9e77f383632e4d0f6f3e4bd40cb7382aaa7bc0eb39f7c3080779a5796cc
1EYlSWlr100,虚偽の届け出を提出し、雪山登山に挑んだ高校山岳部→5人遭難し、最悪な結末に…「岩木山遭難事故」【地形図から解説】,1419990,20230913,1009,山岳遭難ファイル,1095,1296.7945205479452,True,[],既出,23,冬山を甘く見て、雪山登山に挑んだ高校山岳部…5人遭難し、最悪な結末に…「1964年岩木山遭難事故」【,岩木山の高校山岳部5人遭難,video_full_default_1EYlSWlr100.json,fe627336ed8cb47f85ad35d845c1728d245000e03034d6ec756d2a8953750fc2
y0jpFluYmO0,「先生、助けて」入念に準備したはずの学校行事で起こった大惨事。総勢55名の集団登山で…「西穂高岳高校生遭難事故」【地形図から解説】,1389953,20231111,1187,山岳遭難ファイル,1036,1341.653474903475,True,[],,,,,video_full_default_y0jpFluYmO0.json,c28e070bb9c354f1881b5f3b0480e5daa33b3537fa6a334615185d1ccf3f601d
r9N3YvEDm3o,【ダーウィン賞】「あ、滑る」カメラが映す最期の瞬間 ニコ生主富士山滑落2019年 【地図とアニメで解説】,1363374,20241110,1290,生きて山から帰るには【山岳遭難解説】,671,2031.8539493293592,True,[],,,,,video_full_default_r9N3YvEDm3o.json,9fb85c6df5368797ca0208202706347031ca5e2066a84839e4c10c936765ff2f
syCLM6Ft1fs,北アルプス史上最悪の大量遭難。雪山で”あるミス”を犯した13人の大学生の悲劇とは…。「薬師岳遭難事故」【地形図から解説】,1349824,20230529,715,山岳遭難ファイル,1202,1122.981697171381,True,[],,,,,video_full_default_syCLM6Ft1fs.json,e5836412e1d50cb7bd079f8043dff2cce262e717a0d76d136b8777a4df711360
NzUTwvl29_4,衝撃 世界トップクライマー平出和也さんとは…K2西壁遭難事故2024年【地図とアニメで解説】,1340950,20241027,1326,生きて山から帰るには【山岳遭難解説】,685,1957.5912408759125,True,[],,,,,video_full_default_NzUTwvl29_4.json,b8ee0120b77e3b5fb683723b2d91d9a1d2848a43f0f00411514a2579fb1bf9a8
9ULmIMBDfEU,【韓国人登山者】日本の山はガイド不要…檜尾岳遭難事故2013年 【地形図とアニメで解説】,1310931,20240217,1206,生きて山から帰るには【山岳遭難解説】,938,1397.5810234541577,True,[],,,,,video_full_default_9ULmIMBDfEU.json,d969d35453187d322cd4ac5373cd31e7109f2292f1dddc40fe76bd9d2fb0d498
qyKzxwqfhrg,2000年以降最大犠牲者数の悲劇 教員3名実刑判決 那須雪崩事故2017年【地図とアニメで解説】,1288367,20240320,1598,生きて山から帰るには【山岳遭難解説】,906,1422.0386313465783,True,[],既出,22,「息子を返して！」教師の判断で登山中の高校生55名が被害に…国内最大級の雪崩事故の真相とは！？ 20,2017年那須雪崩。snapshot_2026-09-07.jsonの同一自作タイトルで欠落末尾を確認,video_full_default_qyKzxwqfhrg.json,127489d4b9d3c38b6879f178f3d3f34d21a856d293203ab23a152726e3c19a58
oT2GLkV_K2Q,先に下山する…鹿を追い消えた夫。国見岳遭難事故2022年【地形図とアニメで解説】,1213492,20240428,2160,生きて山から帰るには【山岳遭難解説】,867,1399.6447520184545,True,[],既出,7,【山の遭難事故】夫が行方不明に…奥さんの驚愕の行動とは！？国見岳、山岳遭難ストーリー,国見岳で夫が行方不明となる事故,video_full_default_oT2GLkV_K2Q.json,94cad1b54710ee27723b444e1fa57500b5e33d2a82bf36d79535004615dceba3
lGO2jlnVRrA,救助は「職務」か「善意」か？判例が示した答え 積丹岳遭難事故2009年【地図とアニメで解説】,1204820,20240721,1976,生きて山から帰るには【山岳遭難解説】,783,1538.7228607918264,True,[],,,,,video_full_default_lGO2jlnVRrA.json,3957654ed244b549af0c4d29bd1db7bcc47661afb3c0607dddd796f4216a737b
hGcjTb_a2OQ,仲間は即死、死を前に家族へ遺した2000文字の言葉…北大山岳部遭難事故1965年【地図とアニメで解説】,1193330,20231212,1214,生きて山から帰るには【山岳遭難解説】,1005,1187.3930348258707,True,[],,,,,video_full_default_hGcjTb_a2OQ.json,314b01d03d65496f93fe0c49abf6027303f8cb7d54ec3a99e43ffe55b2e312e5
4YkqrNFxzFQ,ベテランの暴走が招く最悪の結末8人中3人死亡… 幌尻岳遭難事故2017年【地図とアニメで解説】,1184418,20240104,1223,生きて山から帰るには【山岳遭難解説】,982,1206.1283095723015,True,[],,,,,video_full_default_4YkqrNFxzFQ.json,837c189b148df69f56ae7c901265cfd7f3e1237b66a2a33a641752372ee5dfad
OcfkiijaP7E,装備なし 経験なし 度胸あり!初心者迷惑登山 穂高連峰2021年6月【地図とアニメで解説】,1175173,20241124,1332,生きて山から帰るには【山岳遭難解説】,657,1788.695585996956,True,[],,,,,video_full_default_OcfkiijaP7E.json,cca26fc981fed1f39750e36e69e9f265ca441f5b07674f6823490bbe750fc0a8
nXVXgLJYemE,ほとんどが初心者で構成された52名の登山サークル。山の”あるルール”を破った結果…「大杉谷遭難事故」【地形図から解説】,1168736,20230927,645,山岳遭難ファイル,1081,1081.1618871415355,True,[],,,,,video_full_default_nXVXgLJYemE.json,4c24857c9485cf62cc8b11ffea32f4fe7d276ae24b8db018d5383949a403f505
QuAPqsepDLk,絶望…友を救うための最後の賭け 弥山遭難事故2022年【地図とアニメで解説】,1165012,20241005,1869,生きて山から帰るには【山岳遭難解説】,707,1647.8246110325317,True,[],既出,5,下山時に『謎の道標』を目撃した60代女性2名の末路… 大峰山系・弥山 遭難事故【地形図とアニメで解説,2022年弥山、道標で道を誤った女性2名。自作Scripts/2022年弥山遭難事故.mdも参照,video_full_default_QuAPqsepDLk.json,228c9185c1fa291f0fab2dffd27ee68b43e5d1ad2f265a83e9991f7f5e3e29d6
358SYpm2_n0,忠告無視…医師たちの結末…朝日岳遭難事故2023年10月 【地図とアニメで解説】,1151368,20240407,1461,生きて山から帰るには【山岳遭難解説】,888,1296.5855855855855,True,[],,,,,video_full_default_358SYpm2_n0.json,d74cd11de61721f2945a164c05fe484b1ce315e279d04cd9b3444af4bcb976a6
mKz4EZsH8Yg,「逃げろ、逃げろ！」富士山で起きた予測不能の山岳事故。登山者めがけて大量の岩が降り注ぎ…「富士山大規模落石遭難事故」【地形図から解説】,1148015,20230825,519,山岳遭難ファイル,1114,1030.5341113105924,True,[],,,,,video_full_default_mKz4EZsH8Yg.json,aa3f2bfdff7a0d1345288dfce13be79317e17d38b411846e01fb272badb1d11a
nK8mwMpgHM0,一般登山者による国内最大の大量遭難。悲劇はなぜ起こったのか…「富士山大量遭難事故(1972年)」【地形図から解説】,1055077,20230502,493,山岳遭難ファイル,1229,858.4841334418226,True,[],既出,21,「明日は仕事だから下山しないと…」続々と消える仲間たち…猛吹雪の中、強行突破した男達の末路…1972,1972年富士山。snapshot_2026-09-07.jsonの同一自作タイトルで欠落末尾を確認,video_full_default_nK8mwMpgHM0.json,8120740471ac37e1b88d3cbf08a9032aa3501639997d3989ba913b2aa8e057dc
YiBc6N4-TcE,絶体絶命の危機からの生還…白山遭難事故2019年2月 【地形図とアニメで解説】,1048215,20240512,1946,生きて山から帰るには【山岳遭難解説】,853,1228.8569753810082,True,[],,,,,video_full_default_YiBc6N4-TcE.json,7b9825331453d6f4d7021f25b80922dcd45b6347d2011c6d6d80b66b78f210c5
WEcAvtPWKa0,カセットテープから流れる死者の声 旭岳SOS遭難事故1989年【地形図とアニメで解説】,1036487,20240505,1768,生きて山から帰るには【山岳遭難解説】,860,1205.2174418604652,True,[],,,,,video_full_default_WEcAvtPWKa0.json,a56dd17ddff977fbc330fd2f1174f360c2f604413dd57b8fc92d49b05a301cb4
BesiDYOCnvw,わかっていたのに…43人死亡。雲仙普賢岳噴火1991年6月,1020301,20260405,1433,生きて山から帰るには【山岳遭難解説】,160,6376.88125,True,[],,,,,video_full_default_BesiDYOCnvw.json,304d845761d8d7761635d726267e0368abb6463d7b88695668c97d7294e1b914
RFqoR84-CfI,「もういいよ…私ここで死ぬから」 ボゴダ峰転落事故1981年【地図とアニメで解説】,1006954,20250420,1254,生きて山から帰るには【山岳遭難解説】,510,1974.4196078431373,True,[],,,,,video_full_default_RFqoR84-CfI.json,cc881641b0b8a0263d19a246172d48a019e4035580871d1d9bb64dc1b6836304
0tkki4y62hk,「理解できない」浮きあがるリュック 屋久島遭難事故2017年【地図とアニメで解説】,1003980,20240825,1351,生きて山から帰るには【山岳遭難解説】,748,1342.2192513368984,True,[],,,,,video_full_default_0tkki4y62hk.json,03d34d00894e8f3620a71397ba274b4ff9d01d626f2393a2d8a908913429cb34
NIgMKsWeE0A,「ハイキング♪」小学生も登る山で何故…沢口山遭難事故2010年 【地形図とアニメで解説】,981175,20240520,1237,生きて山から帰るには【山岳遭難解説】,845,1161.1538461538462,True,[],,,,,video_full_default_NIgMKsWeE0A.json,45476388c4f709ecc122a7489e4f675a8d3ef83caebfa51246226d49351e74f6
4V61Mabp3kI,「助けられなかった…」友が目の前で…羅臼岳クマ襲撃事件2025年【地図とアニメで解説,979136,20251012,1311,生きて山から帰るには【山岳遭難解説】,335,2922.7940298507465,True,[],既出,10,【山岳遭難事故】クマスプレーでも止まらない、、4度の襲撃 2025年 羅臼岳ヒグマ襲撃事件,2025年羅臼岳クマ襲撃事件,video_full_default_4V61Mabp3kI.json,b970f68328fd452d09ec09c351cdc5270fb043c572e48e5379c94c72485c3327
QoDePWvbMA8,狙いは単独登山者 交わす挨拶血まみれの鉈… 奥多摩強盗遭難事件2005年5月【地図とアニメで解説】,957429,20241117,1356,生きて山から帰るには【山岳遭難解説】,664,1441.9111445783133,True,[],,,,,video_full_default_QoDePWvbMA8.json,1cb5f85c6b354b040b58f0004190bf1ed4032dbc4ae150f55ded44a5f025439c
RnYIPt3fifc,【十勝岳噴火】噴火25分で、死者・行方不明144人。1926年5月24日 十勝岳大正泥流【地図とアニメで解説】,910595,20260524,1234,生きて山から帰るには【山岳遭難解説】,111,8203.558558558558,True,[],,,,,video_full_default_RnYIPt3fifc.json,8c22a118a26da85bca33c97cada69de49b4235cffe8252b7e775b3f522beb331
Zvk6jYZLwqQ,エリート弁護士を襲う地獄の連鎖 2025年5月霞沢岳遭難事故【地図とアニメで解説】,900026,20251221,2148,生きて山から帰るには【山岳遭難解説】,265,3396.324528301887,True,[],,,,,video_full_default_Zvk6jYZLwqQ.json,f2d05e7f61514c072e9ebe9b2fa9430337127a650e17bcd8b556c4d6362aa97d
JD_k-cG-nLM,「助けて」霧の中の叫び 不帰嶮遭難事故2023年【地図とアニメで解説】,864808,20240818,1495,生きて山から帰るには【山岳遭難解説】,755,1145.441059602649,True,[],,,,,video_full_default_JD_k-cG-nLM.json,4a327bb90e0e9aff077206afd82bcf9d774c73c5f5db9e3573eb7964e40d7953
cKZyPFXNVOA,－12℃の強風 バッテリー全滅 道迷いの心理 四阿山遭難事故2023年1月【地形図とアニメで解説】,861896,20241201,1507,生きて山から帰るには【山岳遭難解説】,650,1325.993846153846,True,[],,,,,video_full_default_cKZyPFXNVOA.json,772b5810ff08e1bd993ef9f33e75c858a4b0be3d61d2e7fc7918aef3ff91dca1
nPMtWHRi9-k,【山中置き去り】台風 クレーム ガン無視ツアー羊蹄山遭難事故1999年9月 【地形図とアニメで解説】,857756,20250126,1481,生きて山から帰るには【山岳遭難解説】,594,1444.03367003367,True,[],,,,,video_full_default_nPMtWHRi9-k.json,58fcf2910aa68ecce83cbe8551816cb5bc67ba0224a42a504a6680639b8a9d18
dKV0I-yM77o,初心者向けと言われる低山で起こった遭難。消息不明となり、発見されたのは24日後…「六甲山遭難事故(2006年)」【地形図から解説】,830717,20230804,509,山岳遭難ファイル,1135,731.9092511013216,True,[],既出,24,持ち物は焼肉のタレと水のみ…3日後に意識を失った結果…2006年六甲山遭難事故【地形図から解説】,2006年六甲山遭難、24日後発見,video_full_default_dKV0I-yM77o.json,a9d3c7ee22f4f3423721e71b0bf8afd7ea7da5c067682ce790ef240d20bf5feb
AUzINa24Ys0,あの時 止めていれば…延べ400人24日間の後悔 六甲山遭難事故2006年【地図とアニメで解説】,823344,20241103,1280,生きて山から帰るには【山岳遭難解説】,678,1214.3716814159293,True,[],既出,24,持ち物は焼肉のタレと水のみ…3日後に意識を失った結果…2006年六甲山遭難事故【地形図から解説】,2006年六甲山遭難,video_full_default_AUzINa24Ys0.json,30235df829fc0c07d73a745a55dbf2c02ca6374e906ff452dfd43c561c5e64e5
fK3RRR_O7Cg,引率教師3名を含む37名が、中学校の登山行事で大量遭難。夏山で生徒が次々と倒れていき…「木曽駒ヶ岳遭難事故」【地形図から解説】,772287,20230812,972,山岳遭難ファイル,1127,685.2590949423247,True,[],,,,,video_full_default_fK3RRR_O7Cg.json,386cb8ede866dd06a379bafc19b41bb04a439c477cb2828c219bbe09f9f8caca
q_WGaS5hdTA,地図なし雨具なし下調べなし 登山歴15年の塔ノ岳遭難事故（2022年8月）【地図とアニメで解説】,769847,20250921,1114,生きて山から帰るには【山岳遭難解説】,356,2162.491573033708,True,[],,,,,video_full_default_q_WGaS5hdTA.json,de3aac6f96097fba7e300adea6280fec26a57bca9111ac33a9e66de22037e667
PVazrIVigOA,【7日間】信じ続けた仲間が掘り当てる奇跡 大山遭難事故【地図とアニメで解説】,766333,20240630,1722,生きて山から帰るには【山岳遭難解説】,804,953.1504975124378,True,[],,,,,video_full_default_PVazrIVigOA.json,361d4423e7f5d9b80342f7504ef783e5028b586da0ca611ffc9c7250821e5127
RxB-lSwMM5w,雪に埋もれた5人、楽しい冬キャンプのはずが… 氷ノ山遭難事故2021年【地図とアニメで解説】,761968,20250824,1401,生きて山から帰るには【山岳遭難解説】,384,1984.2916666666667,True,[],,,,,video_full_default_RxB-lSwMM5w.json,216deff2c93301f01faffc58e6a31c3d557feb1959979e3ac2b8eefa48d99686
HiS3tqrpBfc,置き去り、自殺…一人ずつ、全滅。スコット隊南極遭難1912年【地図とアニメで解説】,747447,20260208,1572,生きて山から帰るには【山岳遭難解説】,216,3460.402777777778,True,[],,,,,video_full_default_HiS3tqrpBfc.json,f8310266c54d5d0972ace39184f48ca1638b6574e96b07499c89cedf0de9e618
P9HD0gaElgM,標高7000m、10㎝の岩壁で生き残る。2002年10月ギャチュン・カン【地図とアニメで解説】,740918,20260816,1791,生きて山から帰るには【山岳遭難解説】,27,27441.40740740741,True,[],,,,,video_full_default_P9HD0gaElgM.json,81f2e255a71bb6cbadd7f94933ba39d8e97e2dad3726333b6f9d6749b1a4dcc4
nvpLoxKhoqg,なぜ！？止められなかった狂気の登山…1965年5月東京農業大学ワンダーフォーゲル部事件【地図とアニメで解説】,737323,20241208,1337,生きて山から帰るには【山岳遭難解説】,643,1146.692068429238,True,[],,,,,video_full_default_nvpLoxKhoqg.json,a68e8c12d336070ecd756a66d0e786415843691fdf710ceb0ee6c8e8f6c0f5b0
G3F3av4u8vA,厳冬期富士山、極限の12時間…富士山遭難事故2009年12月【地図とアニメで解説】,733165,20241215,1289,生きて山から帰るには【山岳遭難解説】,636,1152.7751572327045,True,[],,,,,video_full_default_G3F3av4u8vA.json,2aaa606d7d9485429be568c993c41f4721861f4b60938221c9b2becedfbf9112
TEpjBVNJUoE,市が新しく設置した登山道の標識。その分岐で登山者2名が遭難し、ついに捜索打ち切りに…「弥山遭難事故」【地形図から解説】,729784,20240121,1330,山岳遭難ファイル,965,756.2528497409327,True,[],既出,5,下山時に『謎の道標』を目撃した60代女性2名の末路… 大峰山系・弥山 遭難事故【地形図とアニメで解説,概要欄2022年弥山・新設道標・登山者2名,video_full_default_TEpjBVNJUoE.json,9fb2514492149a82a5e3b00fe3e716c568d3bc82889b85b8c30d8d858a5c33d8
cHmUCsRFHgQ,ベテランの傲慢「遭難するとは思わなかった」乳頭山遭難事故2005年 【地図とアニメで解説】,725688,20250525,1244,生きて山から帰るには【山岳遭難解説】,475,1527.7642105263158,True,[],,,,,video_full_default_cHmUCsRFHgQ.json,98bb776737772bd515b6835418b38b396c6584273ebdf673b2ea5a7d48de886f
xpcouM_qqGQ,登山ツアーガイドの判断が招いた結末…。ガイドが罪に問われた国内初の遭難事故「羊蹄山遭難事故」【地形図から解説】,706891,20230626,545,山岳遭難ファイル,1174,602.1218057921635,True,[],,,,,video_full_default_xpcouM_qqGQ.json,60887330959223cd9de45f85dc47ab95404ec55a0e4ba0e6c66cec6906c5557a
e5sgqeqDp7E,中高年の登山ブームで起こった悲劇。吹雪の中、意識朦朧のメンバーが出ても下山せず…「立山中高年大量遭難事故」【地形図から解説】,695405,20230509,402,山岳遭難ファイル,1222,569.0711947626842,True,[],既出,20,"10人中8人が帰らぬ人に、、生き残った2人だけが持っていた""あるもの""、、1989年 立山中高年大量",立山中高年大量遭難事故,video_full_default_e5sgqeqDp7E.json,7148965458e1835f61dc6eabac5fbf46b49ff1097ce47d1234809453070369a3
fEyy_lT5S-g,腹痛、居眠り… 宙に浮かび消えたリーダー富士山滑落事故1992年12月【地図とアニメで解説】,694446,20250302,1384,生きて山から帰るには【山岳遭難解説】,559,1242.3005366726297,True,[],,,,,video_full_default_fEyy_lT5S-g.json,1d3d4598b1f597559f572ad93d156637c1064adb33d115779cf7f2b02a054c4d
kYJd92ijblU,【なぜ？】高齢登山者大量遭難…麻綿原高原遭難事故2003年【地図とアニメで解説】,692487,20250720,1308,生きて山から帰るには【山岳遭難解説】,419,1652.7136038186156,True,[],,,,,video_full_default_kYJd92ijblU.json,c79396d650b34817dc00c6dcc19726a6931e078eed20ac469a24365b4c91fb95
BfwqwCUwUOo,巨岩の雨で12人死亡。生死を分けた行動 富士山大規模落石事故1980年8月【地図とアニメで解説】,687397,20240530,1286,生きて山から帰るには【山岳遭難解説】,835,823.2299401197605,True,[],,,,,video_full_default_BfwqwCUwUOo.json,44dacba58b93abfa2f8fbdac20b647240ef935198d1ad0abcfa49a9cc058d15a
L7LJQvYCg_Q,わかっていても戻れない、ヒトの本能 虫明林道遭難事故2024年【地図とアニメで解説】,681208,20250803,1183,生きて山から帰るには【山岳遭難解説】,405,1681.995061728395,True,[],,,,,video_full_default_L7LJQvYCg_Q.json,97cb656f2a7e62e3b01d01e8d6fbf8b156fff75425b907fa68df9ae4407f507a
foknQgsMAnQ,「裸足の遺体」…あまりに悲しい最期。2015年高尾山滑落事故【地図とアニメで解説】,674223,20251130,934,生きて山から帰るには【山岳遭難解説】,286,2357.423076923077,True,[],,,,,video_full_default_foknQgsMAnQ.json,d32dfe166bbf40b68fad9c9ff49d51479633ae346929c138126a4625d0531190
adNMziSOVIo,ここどこ？地図、コンパス、食料なし… 三俣蓮華岳遭難事故2023年【地図とアニメで解説】,661818,20250810,1229,生きて山から帰るには【山岳遭難解説】,398,1662.859296482412,True,[],,,,,video_full_default_adNMziSOVIo.json,7f969ba880b5603bf3c5c2cd99bda4db57dd898864f33f6715fc9a81e91a6f0a
q7GguQB8N1M,「ヒグマは人を襲わない」TBS発表と食い違う事実…「どうぶつ奇想天外」写真家襲撃事故1996年【地図とアニメで解説】,659365,20260322,1319,生きて山から帰るには【山岳遭難解説】,174,3789.4540229885056,True,[],既出,19,【それでもヒグマに襲われた、、】動物を知り尽くしたベテラン写真家・星野道夫が命を落としてしまった19,概要欄1996年8月写真家事故、章立てに星野道夫,video_full_default_q7GguQB8N1M.json,02e3e19f0eb71e792e80d0cf9b2154490599a27d571d5d57e62b829eab5562ba
r1C-GMRhhQE,「ごめんね…」姉の決断、最後の言葉 2006年10月白馬岳遭難事故【地図とアニメで解説】,645725,20251109,1043,生きて山から帰るには【山岳遭難解説】,307,2103.3387622149835,True,[],,,,,video_full_default_r1C-GMRhhQE.json,259fca55dd556981a4e14586b12528c2c288063a7ee72333e09938bcec654e22
-5d6SaPYd-M,1946年12月21日、午前4時19分 昭和南海地震【地図とアニメで解説】,634619,20260705,1348,生きて山から帰るには【山岳遭難解説】,69,9197.376811594202,True,[],,,,,video_full_default_-5d6SaPYd-M.json,643a406635b4f3c978c9ad394e0a8d00402135a1c93b020a5b1292175c904195
u0BTXCHf62I,ここは任せて先に行け！カリスマリーダーの決断 阿弥陀岳遭難事故2015年2月【地図とアニメで解説】,618924,20250223,1182,生きて山から帰るには【山岳遭難解説】,566,1093.505300353357,True,[],,,,,video_full_default_u0BTXCHf62I.json,b5703966895eea48a4cc793822b84882bb03125e228d28f8f6355cf67e99725c
xdSzPEupzRw,【追悼】雨の山に消えた芸人…最期の瞬間 高尾山滑落事故2020年7月【地図とアニメで解説】,618142,20250309,1286,生きて山から帰るには【山岳遭難解説】,552,1119.822463768116,True,[],,,,,video_full_default_xdSzPEupzRw.json,9e7e6060e37ca6806695af24766600cc25cf82d320446774200e25e8295e36d8
KPtiAgbkpPc,【有罪】体温38.6度、生徒を死ぬまで歩かせた教師…朝日連峰高校生遭難事故1994年7月【地図とアニメで解説】,610872,20241013,1306,生きて山から帰るには【山岳遭難解説】,699,873.9227467811158,True,[],,,,,video_full_default_KPtiAgbkpPc.json,3da67e2a73e5b370ced1abebc1b58f1cf01d7431908f2b9906bd8ac4d0a648d6
BdYSsshllTQ,「今夜はここに泊まらせてください」松川水害遭難事故1969年【地図とアニメで解説】,597713,20260830,1402,生きて山から帰るには【山岳遭難解説】,13,45977.92307692308,True,[],,,,,video_full_default_BdYSsshllTQ.json,ea2711f1f11a9dd23c34114007c3534bbb18ccd1eca0e1abb58a7945b137d25f
codOb1aHNlc,一瞬の判断…秋の日帰り家族登山  九州の韓国岳(からくにだけ)遭難事故2009年【地図とアニメで解説】,560424,20250629,1248,生きて山から帰るには【山岳遭難解説】,440,1273.6909090909091,True,[],,,,,video_full_default_codOb1aHNlc.json,588d6928ec747e17ffb543255241366f46166dd203863e3c329a9c7e2a1856ca
J0FoJLjm6gs,【映画化】隠され続けたロープの欠陥、真相をめぐる20年の戦い ナイロンザイル事件1955年【地図とアニメで解説】,554540,20250608,1479,生きて山から帰るには【山岳遭難解説】,461,1202.9067245119306,True,[],,,,,video_full_default_J0FoJLjm6gs.json,346bb798c68d29cb049fd629a4fcebae79c4d5a298c2f89afdd72c418d436aa0
gAOcel0ajCs,【理解できない】思考がバグる7日間、御池岳伝説の遭難【地形図とアニメで解説】,552681,20250406,1371,生きて山から帰るには【山岳遭難解説】,524,1054.7347328244275,True,[],,,,,video_full_default_gAOcel0ajCs.json,a7a4cd7b5a6cb6310063d9ff6f88b9bbb60847e2086d37e404d77658431ac54c
nuBaxGtZ1_Q,「まだ大丈夫」のはずが…台風直撃 2人死亡トムラウシ山遭難事故2002年【地図とアニメで解説】,533384,20250914,1239,生きて山から帰るには【山岳遭難解説】,363,1469.3774104683196,True,[],,,,,video_full_default_nuBaxGtZ1_Q.json,139e007970b910234898552d322d3864c66b6427e7c0ba01523ad2aec0d9bb39
wSJLaPBxLPI,ビキニ登山家、凍死。なぜビキニ？2019年1月台湾ビキニ登山家滑落事故【地図とアニメで解説】,525814,20260517,1128,生きて山から帰るには【山岳遭難解説】,118,4456.050847457627,True,[],,,,,video_full_default_wSJLaPBxLPI.json,5cea0102742c927187ad5069787e40c533ccb10ebef16e291dfe36dbf69a2da1
F7kfix83pm8,気温−25℃、吹き荒れる強風。ベテラン登山家たちが冬の富士山で最悪の結末に…「富士山登山家遭難事故(2009年)」【地形図から解説】,522897,20231014,514,山岳遭難ファイル,1064,491.44454887218046,True,[],,,,,video_full_default_F7kfix83pm8.json,0afde36312d4f045efae0970ca6d736cd68e07e2aa7173e10f7d50abe1714aa5
nobH4Rlf4dY,【世界最悪の人災】失われた言葉… スマトラ沖地震2004年12月 【地図とアニメで解説】,516149,20250308,1499,生きて山から帰るには【山岳遭難解説】,553,933.3616636528029,True,[],,,,,video_full_default_nobH4Rlf4dY.json,ae22d2050f2c5385ae865e200f6ae3b25f6686ae921f1bcecbb34f2fcf218506
Lo9f9dWehOU,進んだ人、止まった人、引き返した人 2012年5月4日 白馬岳遭難事故【地図とアニメで解説】,509864,20260719,1145,生きて山から帰るには【山岳遭難解説】,55,9270.254545454545,True,[],,,,,video_full_default_Lo9f9dWehOU.json,feb297f6671b74d9364e977fe70408f74ab594626263b9f0815fb3ea0254fd61
Z8RBTyphbCo,6歳で誓った復讐の果て…1人で102頭討伐。三毛別ヒグマ事件1915年【地図とアニメで解説】,499414,20260802,1874,生きて山から帰るには【山岳遭難解説】,41,12180.829268292682,True,[],既出,9,死者数7名…妊婦の腹から胎児が引きずり出され…1915年『三毛別ヒグマ事件』【地形図とアニメで解説】,1915年三毛別ヒグマ事件,video_full_default_Z8RBTyphbCo.json,238d32cfc350ca2aaa6b124fa3fe363b8f92d09b985437d800b671395854fe97
NCUA7C3dj_Y,疲労と焦りから…鮮やかなセルフレスキュー 光岳遭難事故2022年【地図とアニメで解説】,489297,20240929,1249,生きて山から帰るには【山岳遭難解説】,713,686.2510518934081,True,[],,,,,video_full_default_NCUA7C3dj_Y.json,311d407a29598b84d29b2bc7fa25ac8fb646609cc97bc099504c342bbc7f2854
1L3ie07KS4c,「寝たらダメだ！」登山経験のない男女5名が遭難。装備なしで夜を迎えた結果…「沢口山遭難事故2010年」【地形図から解説】,477267,20231028,459,山岳遭難ファイル,1050,454.54,True,[],,,,,video_full_default_1L3ie07KS4c.json,11f4a6b2819bdca7d669a3fd236ae27e01a7ee0b3b66405e1ad2c047b8a431f7
nlF8Pzp2eSE,540m流され200m下の谷底へ…十勝岳連峰遭難事故1994年12月 【地形図とアニメで解説】,472872,20250316,1259,生きて山から帰るには【山岳遭難解説】,545,867.6550458715597,True,[],,,,,video_full_default_nlF8Pzp2eSE.json,dee47b0b4db5d3b0d03513ac6e36e9db0b5b63a5a214ce5557bbf1d9ba47688b
nejyHpMpMTo,先生を置いて行けない、早すぎた最期。スパンティーク峰滑落事故2024年7月【地図とアニメで解説】,469881,20250713,1169,生きて山から帰るには【山岳遭難解説】,426,1103.0070422535211,True,[],,,,,video_full_default_nejyHpMpMTo.json,3662571769bc4e020d7cdd7d2629bec8ff43ee1dbcc8ce1e1895075fd27c39f9
Fk9_S65ujK4,訓練のはずが…黒く変色した指先…宝剣岳遭難事故2024年【地図とアニメで解説】,466125,20250518,1187,生きて山から帰るには【山岳遭難解説】,482,967.0643153526971,True,[],,,,,video_full_default_Fk9_S65ujK4.json,04bcad4415ab7ec75bc6ecfd36ae892c754c885d03499382e97a2913fbf73dcf
dwXAG5337eE,27名での日帰り登山を実施した山岳会→悪天候下で登山を断念したメンバーと続行したメンバーに分かれ…「大雪山遭難事故」【地形図から解説】,464019,20240107,522,山岳遭難ファイル,979,473.97242083758937,True,[],,,,,video_full_default_dwXAG5337eE.json,1be7c52d2037f47e54116c0fc3b5716300ea4c213c054d7e2c4fcb528dfc6ed8
hjQE_MOhSZs,山で遭難した男性を救出後、男性が行方不明に…。救助隊に損害賠償が請求される「積丹岳スノーボーダー遭難事故」【地形図から解説】,453864,20230818,511,山岳遭難ファイル,1121,404.8742194469224,True,[],,,,,video_full_default_hjQE_MOhSZs.json,add60d6487825649c800a4de395d69e8acd8887624b2403753c4b822bd578853
pYti8dDKzzY,なぜ裸足で外へ？消えた9人。ディアトロフ峠事件、60年後の真相【地図とアニメで解説】,451748,20260301,1506,生きて山から帰るには【山岳遭難解説】,195,2316.6564102564103,True,[],,,,,video_full_default_pYti8dDKzzY.json,a96899c04ab3679a27b12547920f8621ec190e69344b8f31bcb6d6a915621a2d
cdGcBcXl9B4,1人死亡…崩落する100mの壁と岩石の雨 黒部峡谷遭難事故2011年10月 【地図とアニメで解説】,447865,20241020,1306,生きて山から帰るには【山岳遭難解説】,692,647.2037572254335,True,[],,,,,video_full_default_cdGcBcXl9B4.json,77f5e349fd80bdbfda1c7a073291328014cb9c42ab8d65e2607af82e234581aa
8vXbAjBHI6A,【観光客1000人】バスターミナルに怒号と悲鳴 乗鞍岳クマ襲撃2009年9月【地図とアニメで解説】,446685,20250323,1358,生きて山から帰るには【山岳遭難解説】,538,830.2695167286246,True,[],既出,16,なぜ1000人の登山者は、たった1匹の熊に為す術が無かったのか…？2009年9月 乗鞍岳クマ山岳遭難,2009年乗鞍岳クマ襲撃、観光客1000人,video_full_default_8vXbAjBHI6A.json,c8b986dd72bb9ba6a7c717fc5f392c82bce5f617e2aed759422e4afaa0bb277a
fG900Hqj2oU,一晩で18人死亡、6人行方不明。富士山大量遭難事故1972年【地図とアニメで解説】,445104,20260320,1144,生きて山から帰るには【山岳遭難解説】,176,2529.0,True,[],既出,21,「明日は仕事だから下山しないと…」続々と消える仲間たち…猛吹雪の中、強行突破した男達の末路…1972,1972年富士山。snapshot_2026-09-07.jsonの同一自作タイトルで欠落末尾を確認,video_full_default_fG900Hqj2oU.json,f47ca59ee170f13a39828fd09aa103928a471e94054986db478b23e0a868d649
wXk8HEznoXc,大学生14人、無線がつなぐ命の絆…大長山遭難事故2004年【地図とアニメで解説】,444234,20240804,1688,生きて山から帰るには【山岳遭難解説】,769,577.6775032509753,True,[],,,,,video_full_default_wXk8HEznoXc.json,0e997f511dca50e0974e9cfba830dab072ac00ac987c622b746a50712cc051e9
kTJEaSr-DKo,観光気分で登山…最悪の結末 石鎚山遭難事2014年【地図とアニメで解説】,432321,20250727,1126,生きて山から帰るには【山岳遭難解説】,412,1049.3228155339805,True,[],,,,,video_full_default_kTJEaSr-DKo.json,3bcb4d3199ee81c6ebe890042d9526de5cbf01563fc16a5e7330d808b4d7b0e5
FIRsdnF8cKE,捜索打ち切り、家族が起こす奇跡…両神山遭難事故2010年【地図とアニメで解説】,431300,20240414,1381,生きて山から帰るには【山岳遭難解説】,881,489.55732122587966,True,[],,,,,video_full_default_FIRsdnF8cKE.json,99eba4dfc95d3e9ee8e20f41b98c979cadb80d5f8cad1e15f6eee1351c4dc385
kwCzZ31JGuA,逃げ場なし…誘いこまれた17人  塩見岳落雷事故2002年【地図とアニメで解説】,427271,20250706,1351,生きて山から帰るには【山岳遭難解説】,433,986.769053117783,True,[],,,,,video_full_default_kwCzZ31JGuA.json,2a85064b1e3378cdb88c9f520a213f60c95a6f6d81ad1f85e9093229ea1df6cb
em0r_cj2KjA,悪夢のホワイトアウト。娘だけは… 北海道暴風雪事故2013年【地図とアニメで解説】,415254,20250816,1131,生きて山から帰るには【山岳遭難解説】,392,1059.3214285714287,True,[],,,,,video_full_default_em0r_cj2KjA.json,1a9366652afa3cf31ee734fde9125c3f9ce383e683f302d4d04ac4ff2d9cad1a
664xLYd6iyQ,15人死亡…人災と化した防災実験 川崎ローム斜面崩壊実験事故1971年【地図とアニメで解説】,408767,20250503,1148,生きて山から帰るには【山岳遭難解説】,497,822.4688128772635,True,[],,,,,video_full_default_664xLYd6iyQ.json,307d9464a6f8a2a7fe01bbcdd0b491cd373dca90862e0db055e205c6455d0da4
dPHXC83FyX8,死と隣り合わせの無邪気…開始30分後…蔵王仙人沢滑落事故2009年7月【地図とアニメで解説】,407186,20250511,1091,生きて山から帰るには【山岳遭難解説】,489,832.6912065439673,True,[],,,,,video_full_default_dPHXC83FyX8.json,9ed92cc10be24c264e1a941b073b2d14f74f22936f2b8498d99c7e2ee8be8813
cjbNfScEFEg,断崖絶壁で起こった遭難事故。クライミング中のミスで下りる事も戻る事も出来ず…「大同心遭難事故2022年」【地形図から解説】,403185,20230920,415,山岳遭難ファイル,1088,370.57444852941177,True,[],,,,,video_full_default_cjbNfScEFEg.json,66747058d46aae8542c1fed5644f247ced549eae27c6ef4425ea4d7b9e7814b0
H5ScP6zpLME,「行けるところまで行こう」…2019年甲武信ヶ岳遭難事故【地図とアニメで解説】,388985,20260503,1125,生きて山から帰るには【山岳遭難解説】,132,2946.8560606060605,True,[],,,,,video_full_default_H5ScP6zpLME.json,545adab3d5200553c78aaa70d78091ead609f764d1e7e21990b574b42b3b5344
fYQduVkX4vo,「安全なはずのハシゴで滑落」なぜここで？涸沢岳滑落事故1994年【地図とアニメで解説】,386941,20250928,1098,生きて山から帰るには【山岳遭難解説】,349,1108.7134670487105,True,[],,,,,video_full_default_fYQduVkX4vo.json,3009823f8451999e93a062f647ee52375c68c1de163109dcc9ce0ddba44ea112
i_tdBZFMx3o,14名の登山サークルが、道迷いの末に行き着いた場所→最悪の結末を迎えることに…「安達太良山遭難事故」【地形図から解説】,382558,20240218,491,山岳遭難ファイル,937,408.2796157950907,True,[],,,,,video_full_default_i_tdBZFMx3o.json,a485fe2dd018d8aa71a7cc1c8896b41d14a29290f1b76671b5ad344f589cc956
_rs3aVgRWZY,スノーモービルの乗り入れが禁止されている雪山→3人が遭難し行方が分からなくなり、翌日…「天塩岳遭難事故2013年」【地形図から解説】,372639,20230901,410,山岳遭難ファイル,1107,336.62059620596204,True,[],,,,,video_full_default__rs3aVgRWZY.json,78ac015a1636845b08af8ac656b26b2a8655cf72db2bd1ffcbbe314d5ba358ac
6flUlHxRO6g,標高8000m、紫外線に焼かれた目…ナンガパルバット遭難事故2018年【地図とアニメで解説】,371138,20251019,1223,生きて山から帰るには【山岳遭難解説】,328,1131.5182926829268,True,[],,,,,video_full_default_6flUlHxRO6g.json,9108f49ea39601cce77dfd15dc6ab171c74dda397b73f6337f6ee57a86a0afa5
Yh_H-QJILkg,日帰り登山へ行った妻の救助要請→捜索活動が始まるも5日間発見できず、そして…「谷川岳遭難事故」【地形図から解説】,350704,20240303,599,山岳遭難ファイル,923,379.96099674972913,True,[],,,,,video_full_default_Yh_H-QJILkg.json,5659802398e31d5ffc3b59d2b74288ee1826c667dc45fab8506f903b9a662c31
XjV2qNemqSQ,「そんな…」遭難2日目、やっと見つけた登山道は幻覚。食料も尽きて、一週間後…「聖岳遭難事故2022年」【地形図から解説】,326593,20231215,566,山岳遭難ファイル,1002,325.9411177644711,True,[],,,,,video_full_default_XjV2qNemqSQ.json,a9d9f8a4e61492af9284fd89283e740c458f3e3a934545ca9262c29040335281
amavUqIXaQ8,「娘をお願いします…」アンダーパス水没…岐阜県豪雨災害2010年【地図とアニメで解説】,321794,20251011,947,生きて山から帰るには【山岳遭難解説】,336,957.7202380952381,True,[],,,,,video_full_default_amavUqIXaQ8.json,8be4e4bba4e5165c9f7a60a2e7b49126cf3218d2488fc903ff2640372852e8c0
hoLn5Y3aUU8,悪天候下で実施した登山訓練で遭難。気温−20℃の中、下山不可能に「2024年宝剣岳遭難事故」【地形図から解説】,309090,20240317,658,山岳遭難ファイル,909,340.03300330033005,True,[],,,,,video_full_default_hoLn5Y3aUU8.json,982cc75f21f25435900ff78623d4731d7e80e16d568017ad37f4589a14d718b6
aXBTdbYoISg,高校山岳部員9名・引率教員3名での夏山登山。記録的な猛暑の中、極限状態に陥った生徒は…「朝日連峰高校生遭難事故」【地形図から解説】,305623,20240515,1229,山岳遭難ファイル,850,359.5564705882353,True,[],,,,,video_full_default_aXBTdbYoISg.json,7dcbe3e40e72f16cdde7bc5dcc9df7292dbfcdf97808b359afc532390617c9d3
zqZh25jHRCM,「骨折で動けない」 2024年乾徳山滑落事故【地図とアニメで解説】,296119,20260201,1229,生きて山から帰るには【山岳遭難解説】,223,1327.8878923766815,True,[],,,,,video_full_default_zqZh25jHRCM.json,b90e0d032a49e08570196adc76f4a8dab164d0b2ef42f7ff1957e269a2392809
1pbyMYsEySQ,消えた2才｜4日後、78歳が30分で発見！ 山口2歳児行方不明2018年8月【地図とアニメで解説】,292686,20260222,1060,生きて山から帰るには【山岳遭難解説】,202,1448.9405940594058,True,[],,,,,video_full_default_1pbyMYsEySQ.json,ab72018ec0b69630be20d444facdc4d2d6d99eadaef9438c7dcfe32d9151064e
DaqDlQfaSEw,雪上の血の跡を追って仲間を捜索。大学生3名の雪山合宿での悲劇「剱岳遭難事故」【地形図から解説】,284694,20240402,706,山岳遭難ファイル,893,318.80627099664054,True,[],,,,,video_full_default_DaqDlQfaSEw.json,0903693dfc9b6036a23b102b66fe1fe19b72792f4ea30d0911acf41e29d69f5f
DuMmKPqHhtc,雪渓の大穴、雪の下の仲間。大朝日岳滑落事故2008年【地図とアニメで解説】,275986,20260104,973,生きて山から帰るには【山岳遭難解説】,251,1099.5458167330678,True,[],,,,,video_full_default_DuMmKPqHhtc.json,e5c321e9148c0e9468a9d49102665d564b6404491b28012e2ae30559bed425a1
64oeSyB7-i8,テント＝食料！クマのビュッフェ会場に…太郎平キャンプ場クマ襲撃事件2025年8月【地図とアニメで解説】,275240,20251005,1109,生きて山から帰るには【山岳遭難解説】,342,804.7953216374269,True,[],,,,,video_full_default_64oeSyB7-i8.json,6ebe964a82875e83cd8c5c0ae0877a84e9e5d29f8b6f1b20cde89ccc6b3a8ec5
PMKrT_E8PBo,毎月山で再会!? 位置情報で狙われた登山者 SNS悪用ストーカー事件2015年【地図とアニメで解説】,273237,20260111,1217,生きて山から帰るには【山岳遭難解説】,244,1119.8237704918033,True,[],,,,,video_full_default_PMKrT_E8PBo.json,6d1b72cfa5ad02999dd10be365b7ffd0390dc60f2a9b542292bf8c059ea5f2a3
WA2q8TQAhVA,「こんな景色はなかなかないね」1km滑落。2025年3月 甲斐駒ヶ岳滑落事故【地図とアニメで解説】,269811,20260621,1105,生きて山から帰るには【山岳遭難解説】,83,3250.734939759036,True,[],,,,,video_full_default_WA2q8TQAhVA.json,6d10dad1ad2b3687d62ce9fe9e8d4884ed475d4691e790df9df3dcf9c6e28645
axxVIBgFLFQ,「走ってはダメ！」小4女児が崖へ…1987年美の山公園えんそく事故【地図とアニメで解説】,264388,20251116,925,生きて山から帰るには【山岳遭難解説】,300,881.2933333333333,True,[],,,,,video_full_default_axxVIBgFLFQ.json,67d054523049d48853769165d1d20f49fdb111127faba405cb2fdbaa42814b77
TWiZ3gpcMUM,衣服は無傷…3万人焼失。生き残るための唯一の方法とは プレー山噴火1902年【地図とアニメで解説】,263248,20250719,1470,生きて山から帰るには【山岳遭難解説】,420,626.7809523809524,True,[],,,,,video_full_default_TWiZ3gpcMUM.json,7494f0d9c548655373d0308e3bb746d721d3476ccb3a2b1ae310a87c7468dbc9
InTnTO2HNTs,4名が参加した登山ツアーでまさかの事態に→ツアーガイドの最後の賭けの結果…「屋久島遭難事故」【地形図から解説】,263098,20231126,570,山岳遭難ファイル,1021,257.6865817825661,True,[],,,,,video_full_default_InTnTO2HNTs.json,431fe4017eb51b9c2c22c8842bae104ebd30af33d69f6cd2d97edbbe322a3484
hpAm8E0b6QE,「登山は自己責任」記録的豪雪が奪う家族の未来…宝剣岳遭難事故2007年1月 【地図とアニメで解説】,255118,20250105,1479,生きて山から帰るには【山岳遭難解説】,615,414.8260162601626,True,[],,,,,video_full_default_hpAm8E0b6QE.json,3a98fccfb5391e10844123aa93eeb145baf300c98391bb780b48f13c26e0986f
KMxuMIg3Qac,日帰りのはずが…10日後、川で発見… 大武蔵山遭難事故2019年【地図とアニメで解説】,245924,20251026,1032,生きて山から帰るには【山岳遭難解説】,321,766.1183800623053,True,[],,,,,video_full_default_KMxuMIg3Qac.json,42bf86263194b2e312326fb6c36f899f20eeaa04014e1df50b7cf8d915e06028
cDSggeP5338,雪山を3人で下山中、最後尾の一人が消えた→「え？」→後方には幅30mの雪崩の跡「上高地遭難事故」【地形図から解説】,228052,20231021,422,山岳遭難ファイル,1057,215.75402081362347,True,[],,,,,video_full_default_cDSggeP5338.json,41b532af16a97aa0fc431b61b0f327bf6fcf19b1b96ea1fd33e750c507594934
fYrfq6FWivY,雪山へ向かった6名。先に帰ったと思っていた仲間が、43時間後に雪穴で発見され…「キロロ遭難事故」【地形図から解説】,227561,20240531,534,山岳遭難ファイル,834,272.8549160671463,True,[],,,,,video_full_default_fYrfq6FWivY.json,f4acbb9e3aecdb96d112731cbf859436a1654b95be1ddc85f797a31887a49c90
2WRoZ_2Hrb8,帰国前夜、時速360kmの爆風で6人死亡。スキルブルム雪崩事故1997年8月【地図とアニメで解説】,225209,20260419,1227,生きて山から帰るには【山岳遭難解説】,146,1542.527397260274,True,[],,,,,video_full_default_2WRoZ_2Hrb8.json,dde850f2b4c472d5cba8edd21eb99010e5296b89063ff109b5e6b8886c8fa33a
UZUiNMgVx4E,【自殺行為】死を招く無知 カルパチア山脈遭難事故2024年【地図とアニメで解説】,203637,20250330,1383,生きて山から帰るには【山岳遭難解説】,531,383.49717514124296,True,[],,,,,video_full_default_UZUiNMgVx4E.json,533f07dc689e3e5b4aa2dfd2d340288ae2f289b82b5a16a55c0974da285189ca
ZOx2b_KeaT8,「逃げて！」時速150kmの雪崩から逃げるガイドとツアー客。危険区域と知りつつなぜ…「ニセコ春の滝遭難事故」【地形図から解説】,194499,20240204,715,山岳遭難ファイル,951,204.5205047318612,True,[],,,,,video_full_default_ZOx2b_KeaT8.json,90042b010bd759b39266ebdaf32af32f3f3848922ef209963196ae6bd59a921e
TBxPf_0DTWI,「今がチャンスだ！」火の渦に消えた18人｜1971年呉市山林火災【地図とアニメで解説】,192411,20260125,1112,生きて山から帰るには【山岳遭難解説】,230,836.5695652173913,True,[],,,,,video_full_default_TBxPf_0DTWI.json,4103cec1cd3079b411e825dc8fe492d61b41844c572038b47954d6af188fa585
H5NeEHWyQRc,「今度はお前が狂ったな」兄弟殺しの真相 ラインホルトメスナー ナンガパルバット遭難事故1970年【地図とアニメで解説】,192265,20260118,1377,生きて山から帰るには【山岳遭難解説】,237,811.2447257383966,True,[],,,,,video_full_default_H5NeEHWyQRc.json,a88b16afe22f88f0cccc00850a66898d941698587129a8cda6db2f667d78751a
Pjyc6m2GFGk,担任「多分行けるだろう」おススメコースで死亡 六甲山落石事故1985年【地図とアニメで解説】,184356,20260215,989,生きて山から帰るには【山岳遭難解説】,209,882.0861244019138,True,[],,,,,video_full_default_Pjyc6m2GFGk.json,dff1d98fccfe7041a01e8ad4372934ba124409e680f7bda3ee6b9cdcb523ce07
DkOvNzpEZGw,届かぬ絶叫！1人の遭難で4人死亡… 2000年浅草岳雪崩事故【地図とアニメで解説】,181478,20251123,1037,生きて山から帰るには【山岳遭難解説】,293,619.3788395904437,True,[],,,,,video_full_default_DkOvNzpEZGw.json,48a7144ce203502b5387f695000e16947725778bc10fb9ab7c5fabbb27aeafdd
UdXdN9-gGOM,滑落遭難を起こし負傷→沢の水と残った食料で耐え忍ぶ中、ようやく救助隊の声が聞こえるも…「不帰嶮遭難事故」【地形図から解説】,147688,20240420,667,山岳遭難ファイル,875,168.78628571428573,True,[],,,,,video_full_default_UdXdN9-gGOM.json,b6fd304d08440cd8de152e8d4703797f16c5e074dc36130f4c35ea1b4031ddae
